{"cameraMode":{"drawMode":0,"name":"Shaded","section":"Shading Mode"},"sceneLighting":true,"audioPlay":false,"sceneViewState":{"m_AlwaysRefresh":false,"showFog":true,"showSkybox":true,"showFlares":true,"showImageEffects":true,"showParticleSystems":true,"showVisualEffectGraphs":true,"m_FxEnabled":true},"in2DMode":false,"pivot":{"x":2.8528270721435549,"y":3.914647102355957,"z":7.242031574249268},"rotation":{"x":-0.003231718670576811,"y":-0.9918856620788574,"z":0.1260399967432022,"w":-0.024269627407193185},"size":1.405432105064392,"orthographic":false}