{"cameraMode":{"drawMode":0,"name":"Shaded","section":"Shading Mode"},"sceneLighting":false,"audioPlay":false,"sceneViewState":{"m_AlwaysRefresh":false,"showFog":true,"showSkybox":false,"showFlares":true,"showImageEffects":true,"showParticleSystems":true,"showVisualEffectGraphs":true,"m_FxEnabled":true},"in2DMode":false,"pivot":{"x":73.06890869140625,"y":82.08824920654297,"z":197.67282104492188},"rotation":{"x":0.000008861815331329126,"y":0.9999988079071045,"z":0.001190384617075324,"w":-0.0046992129646241669},"size":51.174007415771487,"orthographic":false}